threshold,accuracy,balanced_accuracy,precision_macro,recall_macro,f1_macro,f1_weighted,f0.5_macro,f2_macro,mcc,kappa,precision_pos,recall_pos,f1_pos,f0.5_pos,f2_pos,roc_auc,pr_auc,specificity,sensitivity,n_tp,n_fp,n_fn,n_tn
0.05,0.906977,0.925926,0.9,0.925926,0.904444,0.908424,0.89986,0.915122,0.825519,0.810573,0.8,1.0,0.888889,0.833333,0.952381,1.0,1.0,0.851852,1.0,32,8,0,46
0.07307692307692308,0.953488,0.962963,0.944444,0.962963,0.951357,0.953962,0.946671,0.95773,0.907218,0.902935,0.888889,1.0,0.941176,0.909091,0.97561,1.0,1.0,0.925926,1.0,32,4,0,50
0.09615384615384615,0.965116,0.972222,0.957143,0.972222,0.963326,0.965399,0.959302,0.968326,0.929243,0.926746,0.914286,1.0,0.955224,0.930233,0.981595,1.0,1.0,0.944444,1.0,32,3,0,51
0.11923076923076922,0.965116,0.972222,0.957143,0.972222,0.963326,0.965399,0.959302,0.968326,0.929243,0.926746,0.914286,1.0,0.955224,0.930233,0.981595,1.0,1.0,0.944444,1.0,32,3,0,51
0.1423076923076923,0.965116,0.972222,0.957143,0.972222,0.963326,0.965399,0.959302,0.968326,0.929243,0.926746,0.914286,1.0,0.955224,0.930233,0.981595,1.0,1.0,0.944444,1.0,32,3,0,51
0.16538461538461538,0.976744,0.981481,0.970588,0.981481,0.975415,0.976877,0.972374,0.978902,0.952007,0.950857,0.941176,1.0,0.969697,0.952381,0.987654,1.0,1.0,0.962963,1.0,32,2,0,52
0.18846153846153846,0.976744,0.981481,0.970588,0.981481,0.975415,0.976877,0.972374,0.978902,0.952007,0.950857,0.941176,1.0,0.969697,0.952381,0.987654,1.0,1.0,0.962963,1.0,32,2,0,52
0.2115384615384615,0.976744,0.981481,0.970588,0.981481,0.975415,0.976877,0.972374,0.978902,0.952007,0.950857,0.941176,1.0,0.969697,0.952381,0.987654,1.0,1.0,0.962963,1.0,32,2,0,52
0.23461538461538461,0.976744,0.981481,0.970588,0.981481,0.975415,0.976877,0.972374,0.978902,0.952007,0.950857,0.941176,1.0,0.969697,0.952381,0.987654,1.0,1.0,0.962963,1.0,32,2,0,52
0.25769230769230766,0.976744,0.981481,0.970588,0.981481,0.975415,0.976877,0.972374,0.978902,0.952007,0.950857,0.941176,1.0,0.969697,0.952381,0.987654,1.0,1.0,0.962963,1.0,32,2,0,52
0.28076923076923077,0.976744,0.981481,0.970588,0.981481,0.975415,0.976877,0.972374,0.978902,0.952007,0.950857,0.941176,1.0,0.969697,0.952381,0.987654,1.0,1.0,0.962963,1.0,32,2,0,52
0.3038461538461538,0.988372,0.990741,0.984848,0.990741,0.987635,0.988407,0.985925,0.989459,0.975571,0.975273,0.969697,1.0,0.984615,0.97561,0.993789,1.0,1.0,0.981481,1.0,32,1,0,53
0.32692307692307687,0.988372,0.990741,0.984848,0.990741,0.987635,0.988407,0.985925,0.989459,0.975571,0.975273,0.969697,1.0,0.984615,0.97561,0.993789,1.0,1.0,0.981481,1.0,32,1,0,53
0.35,0.988372,0.990741,0.984848,0.990741,0.987635,0.988407,0.985925,0.989459,0.975571,0.975273,0.969697,1.0,0.984615,0.97561,0.993789,1.0,1.0,0.981481,1.0,32,1,0,53
0.37307692307692303,0.988372,0.990741,0.984848,0.990741,0.987635,0.988407,0.985925,0.989459,0.975571,0.975273,0.969697,1.0,0.984615,0.97561,0.993789,1.0,1.0,0.981481,1.0,32,1,0,53
0.39615384615384613,0.988372,0.990741,0.984848,0.990741,0.987635,0.988407,0.985925,0.989459,0.975571,0.975273,0.969697,1.0,0.984615,0.97561,0.993789,1.0,1.0,0.981481,1.0,32,1,0,53
0.4192307692307692,0.988372,0.990741,0.984848,0.990741,0.987635,0.988407,0.985925,0.989459,0.975571,0.975273,0.969697,1.0,0.984615,0.97561,0.993789,1.0,1.0,0.981481,1.0,32,1,0,53
0.44230769230769224,0.988372,0.990741,0.984848,0.990741,0.987635,0.988407,0.985925,0.989459,0.975571,0.975273,0.969697,1.0,0.984615,0.97561,0.993789,1.0,1.0,0.981481,1.0,32,1,0,53
0.46538461538461534,1.0,1.0,1.0,1.0,1.0,1.0,1.0,1.0,1.0,1.0,1.0,1.0,1.0,1.0,1.0,1.0,1.0,1.0,1.0,32,0,0,54
0.4884615384615384,1.0,1.0,1.0,1.0,1.0,1.0,1.0,1.0,1.0,1.0,1.0,1.0,1.0,1.0,1.0,1.0,1.0,1.0,1.0,32,0,0,54
0.5115384615384615,1.0,1.0,1.0,1.0,1.0,1.0,1.0,1.0,1.0,1.0,1.0,1.0,1.0,1.0,1.0,1.0,1.0,1.0,1.0,32,0,0,54
0.5346153846153846,1.0,1.0,1.0,1.0,1.0,1.0,1.0,1.0,1.0,1.0,1.0,1.0,1.0,1.0,1.0,1.0,1.0,1.0,1.0,32,0,0,54
0.5576923076923077,1.0,1.0,1.0,1.0,1.0,1.0,1.0,1.0,1.0,1.0,1.0,1.0,1.0,1.0,1.0,1.0,1.0,1.0,1.0,32,0,0,54
0.5807692307692308,1.0,1.0,1.0,1.0,1.0,1.0,1.0,1.0,1.0,1.0,1.0,1.0,1.0,1.0,1.0,1.0,1.0,1.0,1.0,32,0,0,54
0.6038461538461538,1.0,1.0,1.0,1.0,1.0,1.0,1.0,1.0,1.0,1.0,1.0,1.0,1.0,1.0,1.0,1.0,1.0,1.0,1.0,32,0,0,54
0.6269230769230769,1.0,1.0,1.0,1.0,1.0,1.0,1.0,1.0,1.0,1.0,1.0,1.0,1.0,1.0,1.0,1.0,1.0,1.0,1.0,32,0,0,54
0.65,1.0,1.0,1.0,1.0,1.0,1.0,1.0,1.0,1.0,1.0,1.0,1.0,1.0,1.0,1.0,1.0,1.0,1.0,1.0,32,0,0,54
0.673076923076923,1.0,1.0,1.0,1.0,1.0,1.0,1.0,1.0,1.0,1.0,1.0,1.0,1.0,1.0,1.0,1.0,1.0,1.0,1.0,32,0,0,54
0.6961538461538461,1.0,1.0,1.0,1.0,1.0,1.0,1.0,1.0,1.0,1.0,1.0,1.0,1.0,1.0,1.0,1.0,1.0,1.0,1.0,32,0,0,54
0.7192307692307692,0.988372,0.984375,0.990909,0.984375,0.987476,0.988333,0.989496,0.985576,0.975262,0.974956,1.0,0.96875,0.984127,0.99359,0.974843,1.0,1.0,1.0,0.96875,31,0,1,54
0.7423076923076923,0.988372,0.984375,0.990909,0.984375,0.987476,0.988333,0.989496,0.985576,0.975262,0.974956,1.0,0.96875,0.984127,0.99359,0.974843,1.0,1.0,1.0,0.96875,31,0,1,54
0.7653846153846153,0.988372,0.984375,0.990909,0.984375,0.987476,0.988333,0.989496,0.985576,0.975262,0.974956,1.0,0.96875,0.984127,0.99359,0.974843,1.0,1.0,1.0,0.96875,31,0,1,54
0.7884615384615384,0.988372,0.984375,0.990909,0.984375,0.987476,0.988333,0.989496,0.985576,0.975262,0.974956,1.0,0.96875,0.984127,0.99359,0.974843,1.0,1.0,1.0,0.96875,31,0,1,54
0.8115384615384615,0.988372,0.984375,0.990909,0.984375,0.987476,0.988333,0.989496,0.985576,0.975262,0.974956,1.0,0.96875,0.984127,0.99359,0.974843,1.0,1.0,1.0,0.96875,31,0,1,54
0.8346153846153845,0.988372,0.984375,0.990909,0.984375,0.987476,0.988333,0.989496,0.985576,0.975262,0.974956,1.0,0.96875,0.984127,0.99359,0.974843,1.0,1.0,1.0,0.96875,31,0,1,54
0.8576923076923076,0.988372,0.984375,0.990909,0.984375,0.987476,0.988333,0.989496,0.985576,0.975262,0.974956,1.0,0.96875,0.984127,0.99359,0.974843,1.0,1.0,1.0,0.96875,31,0,1,54
0.8807692307692307,0.988372,0.984375,0.990909,0.984375,0.987476,0.988333,0.989496,0.985576,0.975262,0.974956,1.0,0.96875,0.984127,0.99359,0.974843,1.0,1.0,1.0,0.96875,31,0,1,54
0.9038461538461539,0.988372,0.984375,0.990909,0.984375,0.987476,0.988333,0.989496,0.985576,0.975262,0.974956,1.0,0.96875,0.984127,0.99359,0.974843,1.0,1.0,1.0,0.96875,31,0,1,54
0.9269230769230768,0.988372,0.984375,0.990909,0.984375,0.987476,0.988333,0.989496,0.985576,0.975262,0.974956,1.0,0.96875,0.984127,0.99359,0.974843,1.0,1.0,1.0,0.96875,31,0,1,54
0.95,0.965116,0.953125,0.973684,0.953125,0.961896,0.96473,0.968588,0.956289,0.926581,0.923894,1.0,0.90625,0.95082,0.97973,0.923567,1.0,1.0,1.0,0.90625,29,0,3,54
