store,n_weeks,avg_sales,mae,mape
37,12,522780.97,11209.19,2.16
34,11,956143.38,21963.65,2.29
31,8,1394667.68,38417.73,2.73
38,15,392260.53,12707.72,3.21
8,17,914885.78,29934.68,3.23
32,16,1145650.66,39030.94,3.42
4,13,2077614.94,74570.13,3.45
30,9,452056.08,16670.95,3.57
33,15,269823.26,9891.58,3.69
42,11,569938.8,21704.14,3.76
19,9,1484172.19,58271.31,3.82
9,16,548389.22,21530.89,3.9
5,15,318032.16,13671.59,4.22
11,8,1394257.19,61422.82,4.35
1,9,1626883.33,72968.91,4.46
26,10,1071812.24,48652.43,4.48
36,15,377873.65,17529.84,4.7
41,11,1340313.79,67704.64,4.81
12,12,1007212.01,50070.18,5.0
3,10,410094.71,20243.63,5.1
13,6,1970224.57,100648.66,5.15
27,11,1761192.13,101668.75,5.47
25,13,705587.67,41503.41,5.64
28,12,1441390.94,81524.99,5.74
2,10,1968313.73,122014.41,5.87
20,14,2177955.94,139386.76,6.03
39,13,1443584.02,91687.87,6.22
40,10,1014970.79,65683.98,6.31
44,16,294589.42,18390.38,6.46
35,8,877211.91,57613.7,6.47
43,8,637971.97,42519.64,6.73
18,10,1114105.14,77640.09,6.89
45,11,779316.56,55854.58,7.01
10,13,1848928.22,131153.66,7.1
17,7,887870.2,61952.34,7.22
6,10,1586441.95,117453.15,7.5
7,8,582422.94,46580.74,7.54
21,12,726659.33,53016.35,7.58
15,11,620460.59,47461.92,7.65
24,9,1400552.37,112503.87,7.87
16,14,505596.42,38270.56,8.0
22,12,1053287.51,96364.41,8.41
29,13,525449.22,49326.99,9.2
23,9,1467318.83,162275.43,10.44
14,11,2080246.86,227430.31,11.42
