,accuracy,balanced_accuracy,precision_macro,recall_macro,f1_macro,f1_weighted,f0.5_macro,f2_macro,mcc,kappa,precision_pos,recall_pos,f1_pos,f0.5_pos,f2_pos,roc_auc,pr_auc,specificity,sensitivity
Naive (majority),0.6294,0.5,0.3147,0.5,0.3863,0.4862,0.3399,0.4473,0.0,0.0,0.0,0.0,0.0,0.0,0.0,,,,
LogReg @thr=0.5,0.986,0.985,0.985,0.985,0.985,0.986,0.985,0.985,0.97,0.97,0.9811,0.9811,0.9811,0.9811,0.9811,0.9975,0.9964,0.9889,0.9811
LogReg @thr=0.3,0.951,0.9572,0.9424,0.9572,0.9485,0.9515,0.9445,0.9534,0.8995,0.8971,0.8966,0.9811,0.9369,0.9123,0.963,0.9975,0.9964,0.9333,0.9811
LogReg @thr=0.15,0.9161,0.9295,0.9064,0.9295,0.913,0.9172,0.9079,0.9216,0.8356,0.8268,0.8254,0.9811,0.8966,0.8525,0.9455,0.9975,0.9964,0.8778,0.9811
RandomForest @thr=0.5,0.958,0.9512,0.9587,0.9512,0.9547,0.9579,0.957,0.9525,0.9098,0.9094,0.9608,0.9245,0.9423,0.9533,0.9316,0.9919,0.9876,0.9778,0.9245
RandomForest @thr=0.3,0.9301,0.9406,0.9201,0.9406,0.9271,0.9309,0.9222,0.9343,0.8605,0.8546,0.8525,0.9811,0.9123,0.8754,0.9524,0.9919,0.9876,0.9,0.9811
RandomForest @thr=0.15,0.9091,0.9278,0.9015,0.9278,0.9065,0.9105,0.9016,0.9171,0.8289,0.8145,0.803,1.0,0.8908,0.836,0.9532,0.9919,0.9876,0.8556,1.0
GradientBoosting @thr=0.5,0.9441,0.9323,0.9477,0.9323,0.939,0.9436,0.944,0.9348,0.8798,0.8782,0.9592,0.8868,0.9216,0.9438,0.9004,0.9929,0.9891,0.9778,0.8868
GradientBoosting @thr=0.3,0.958,0.9512,0.9587,0.9512,0.9547,0.9579,0.957,0.9525,0.9098,0.9094,0.9608,0.9245,0.9423,0.9533,0.9316,0.9929,0.9891,0.9778,0.9245
GradientBoosting @thr=0.15,0.9371,0.9384,0.9292,0.9384,0.9333,0.9374,0.9307,0.9362,0.8675,0.8666,0.8929,0.9434,0.9174,0.9025,0.9328,0.9929,0.9891,0.9333,0.9434
