threshold,accuracy,balanced_accuracy,precision_macro,recall_macro,f1_macro,f1_weighted,f0.5_macro,f2_macro,mcc,kappa,precision_pos,recall_pos,f1_pos,f0.5_pos,f2_pos,roc_auc,pr_auc,specificity,sensitivity
0.05,0.853147,0.883333,0.858108,0.883333,0.851285,0.85559,0.850968,0.865385,0.741012,0.708927,0.716216,1.0,0.834646,0.759312,0.926573,0.997694,0.996757,0.766667,1.0
0.07307692307692308,0.881119,0.905556,0.878571,0.905556,0.878747,0.883135,0.875647,0.891336,0.783663,0.76094,0.757143,1.0,0.861789,0.795796,0.939716,0.997694,0.996757,0.811111,1.0
0.09615384615384615,0.916084,0.933333,0.907692,0.933333,0.913438,0.917354,0.908397,0.923545,0.840635,0.828125,0.815385,1.0,0.898305,0.846645,0.956679,0.997694,0.996757,0.866667,1.0
0.11923076923076922,0.923077,0.93501,0.913182,0.93501,0.92001,0.924063,0.914985,0.927967,0.847912,0.840677,0.83871,0.981132,0.904348,0.863787,0.948905,0.997694,0.996757,0.888889,0.981132
0.1423076923076923,0.944056,0.951677,0.934726,0.951677,0.941297,0.94459,0.936916,0.947047,0.886241,0.882811,0.881356,0.981132,0.928571,0.899654,0.95941,0.997694,0.996757,0.922222,0.981132
0.16538461538461538,0.944056,0.951677,0.934726,0.951677,0.941297,0.94459,0.936916,0.947047,0.886241,0.882811,0.881356,0.981132,0.928571,0.899654,0.95941,0.997694,0.996757,0.922222,0.981132
0.18846153846153846,0.951049,0.957233,0.942394,0.957233,0.948468,0.951452,0.944512,0.953392,0.899504,0.897069,0.896552,0.981132,0.936937,0.912281,0.962963,0.997694,0.996757,0.933333,0.981132
0.2115384615384615,0.951049,0.957233,0.942394,0.957233,0.948468,0.951452,0.944512,0.953392,0.899504,0.897069,0.896552,0.981132,0.936937,0.912281,0.962963,0.997694,0.996757,0.933333,0.981132
0.23461538461538461,0.951049,0.957233,0.942394,0.957233,0.948468,0.951452,0.944512,0.953392,0.899504,0.897069,0.896552,0.981132,0.936937,0.912281,0.962963,0.997694,0.996757,0.933333,0.981132
0.25769230769230766,0.951049,0.957233,0.942394,0.957233,0.948468,0.951452,0.944512,0.953392,0.899504,0.897069,0.896552,0.981132,0.936937,0.912281,0.962963,0.997694,0.996757,0.933333,0.981132
0.28076923076923077,0.951049,0.957233,0.942394,0.957233,0.948468,0.951452,0.944512,0.953392,0.899504,0.897069,0.896552,0.981132,0.936937,0.912281,0.962963,0.997694,0.996757,0.933333,0.981132
0.3038461538461538,0.958042,0.962788,0.950326,0.962788,0.955682,0.958328,0.952265,0.959729,0.91303,0.911437,0.912281,0.981132,0.945455,0.925267,0.966543,0.997694,0.996757,0.944444,0.981132
0.32692307692307687,0.958042,0.962788,0.950326,0.962788,0.955682,0.958328,0.952265,0.959729,0.91303,0.911437,0.912281,0.981132,0.945455,0.925267,0.966543,0.997694,0.996757,0.944444,0.981132
0.35,0.958042,0.962788,0.950326,0.962788,0.955682,0.958328,0.952265,0.959729,0.91303,0.911437,0.912281,0.981132,0.945455,0.925267,0.966543,0.997694,0.996757,0.944444,0.981132
0.37307692307692303,0.958042,0.962788,0.950326,0.962788,0.955682,0.958328,0.952265,0.959729,0.91303,0.911437,0.912281,0.981132,0.945455,0.925267,0.966543,0.997694,0.996757,0.944444,0.981132
0.39615384615384613,0.958042,0.962788,0.950326,0.962788,0.955682,0.958328,0.952265,0.959729,0.91303,0.911437,0.912281,0.981132,0.945455,0.925267,0.966543,0.997694,0.996757,0.944444,0.981132
0.4192307692307692,0.972028,0.973899,0.967045,0.973899,0.970246,0.97213,0.968272,0.972382,0.94092,0.940503,0.945455,0.981132,0.962963,0.952381,0.973783,0.997694,0.996757,0.966667,0.981132
0.44230769230769224,0.979021,0.979455,0.975864,0.979455,0.977601,0.97906,0.976545,0.9787,0.955312,0.955205,0.962963,0.981132,0.971963,0.966543,0.977444,0.997694,0.996757,0.977778,0.981132
0.46538461538461534,0.986014,0.98501,0.98501,0.98501,0.98501,0.986014,0.98501,0.98501,0.970021,0.970021,0.981132,0.981132,0.981132,0.981132,0.981132,0.997694,0.996757,0.988889,0.981132
0.4884615384615384,0.986014,0.98501,0.98501,0.98501,0.98501,0.986014,0.98501,0.98501,0.970021,0.970021,0.981132,0.981132,0.981132,0.981132,0.981132,0.997694,0.996757,0.988889,0.981132
0.5115384615384615,0.986014,0.98501,0.98501,0.98501,0.98501,0.986014,0.98501,0.98501,0.970021,0.970021,0.981132,0.981132,0.981132,0.981132,0.981132,0.997694,0.996757,0.988889,0.981132
0.5346153846153846,0.986014,0.98501,0.98501,0.98501,0.98501,0.986014,0.98501,0.98501,0.970021,0.970021,0.981132,0.981132,0.981132,0.981132,0.981132,0.997694,0.996757,0.988889,0.981132
0.5576923076923077,0.986014,0.98501,0.98501,0.98501,0.98501,0.986014,0.98501,0.98501,0.970021,0.970021,0.981132,0.981132,0.981132,0.981132,0.981132,0.997694,0.996757,0.988889,0.981132
0.5807692307692308,0.986014,0.98501,0.98501,0.98501,0.98501,0.986014,0.98501,0.98501,0.970021,0.970021,0.981132,0.981132,0.981132,0.981132,0.981132,0.997694,0.996757,0.988889,0.981132
0.6038461538461538,0.986014,0.98501,0.98501,0.98501,0.98501,0.986014,0.98501,0.98501,0.970021,0.970021,0.981132,0.981132,0.981132,0.981132,0.981132,0.997694,0.996757,0.988889,0.981132
0.6269230769230769,0.993007,0.990566,0.994505,0.990566,0.992476,0.992993,0.993679,0.991316,0.985064,0.984952,1.0,0.981132,0.990476,0.996169,0.984848,0.997694,0.996757,1.0,0.981132
0.65,0.979021,0.971698,0.983871,0.971698,0.97724,0.978887,0.981084,0.973788,0.955492,0.954502,1.0,0.943396,0.970874,0.988142,0.954198,0.997694,0.996757,1.0,0.943396
0.673076923076923,0.979021,0.971698,0.983871,0.971698,0.97724,0.978887,0.981084,0.973788,0.955492,0.954502,1.0,0.943396,0.970874,0.988142,0.954198,0.997694,0.996757,1.0,0.943396
0.6961538461538461,0.979021,0.971698,0.983871,0.971698,0.97724,0.978887,0.981084,0.973788,0.955492,0.954502,1.0,0.943396,0.970874,0.988142,0.954198,0.997694,0.996757,1.0,0.943396
0.7192307692307692,0.979021,0.971698,0.983871,0.971698,0.97724,0.978887,0.981084,0.973788,0.955492,0.954502,1.0,0.943396,0.970874,0.988142,0.954198,0.997694,0.996757,1.0,0.943396
0.7423076923076923,0.979021,0.971698,0.983871,0.971698,0.97724,0.978887,0.981084,0.973788,0.955492,0.954502,1.0,0.943396,0.970874,0.988142,0.954198,0.997694,0.996757,1.0,0.943396
0.7653846153846153,0.979021,0.971698,0.983871,0.971698,0.97724,0.978887,0.981084,0.973788,0.955492,0.954502,1.0,0.943396,0.970874,0.988142,0.954198,0.997694,0.996757,1.0,0.943396
0.7884615384615384,0.972028,0.962264,0.978723,0.962264,0.969523,0.971784,0.9748,0.964943,0.940844,0.939097,1.0,0.924528,0.960784,0.983936,0.938697,0.997694,0.996757,1.0,0.924528
0.8115384615384615,0.965035,0.95283,0.973684,0.95283,0.961734,0.964642,0.968519,0.956044,0.92628,0.92357,1.0,0.90566,0.950495,0.979592,0.923077,0.997694,0.996757,1.0,0.90566
0.8346153846153845,0.951049,0.933962,0.963918,0.933962,0.94593,0.950235,0.955943,0.938078,0.89738,0.892145,1.0,0.867925,0.929293,0.970464,0.891473,0.997694,0.996757,1.0,0.867925
0.8576923076923076,0.951049,0.933962,0.963918,0.933962,0.94593,0.950235,0.955943,0.938078,0.89738,0.892145,1.0,0.867925,0.929293,0.970464,0.891473,0.997694,0.996757,1.0,0.867925
0.8807692307692307,0.951049,0.933962,0.963918,0.933962,0.94593,0.950235,0.955943,0.938078,0.89738,0.892145,1.0,0.867925,0.929293,0.970464,0.891473,0.997694,0.996757,1.0,0.867925
0.9038461538461539,0.951049,0.933962,0.963918,0.933962,0.94593,0.950235,0.955943,0.938078,0.89738,0.892145,1.0,0.867925,0.929293,0.970464,0.891473,0.997694,0.996757,1.0,0.867925
0.9269230769230768,0.944056,0.924528,0.959184,0.924528,0.937907,0.942963,0.949638,0.92901,0.883032,0.876244,1.0,0.849057,0.918367,0.965665,0.875486,0.997694,0.996757,1.0,0.849057
0.95,0.937063,0.915094,0.954545,0.915094,0.929799,0.935642,0.943312,0.919884,0.868744,0.860215,1.0,0.830189,0.907216,0.960699,0.859375,0.997694,0.996757,1.0,0.830189
