threshold,accuracy,balanced_accuracy,precision_macro,recall_macro,f1_macro,f1_weighted,f0.5_macro,f2_macro,mcc,kappa,roc_auc,pr_auc,specificity,sensitivity
0.05,0.146853,0.116667,0.141892,0.116667,0.128049,0.16118,0.13601,0.120968,-0.741012,-0.721871,0.002306,0.419182,0.0,0.233333
0.07307692307692308,0.118881,0.094444,0.121429,0.094444,0.10625,0.133741,0.114865,0.098837,-0.783663,-0.752724,0.002306,0.419182,0.0,0.188889
0.09615384615384615,0.083916,0.066667,0.092308,0.066667,0.077419,0.097451,0.085714,0.070588,-0.840635,-0.790062,0.002306,0.419182,0.0,0.133333
0.11923076923076922,0.076923,0.06499,0.086818,0.06499,0.073252,0.088344,0.080596,0.067774,-0.847912,-0.784796,0.002306,0.419182,0.018868,0.111111
0.1423076923076923,0.055944,0.048323,0.065274,0.048323,0.054279,0.064546,0.060108,0.050212,-0.886241,-0.8064,0.002306,0.419182,0.018868,0.077778
0.16538461538461538,0.055944,0.048323,0.065274,0.048323,0.054279,0.064546,0.060108,0.050212,-0.886241,-0.8064,0.002306,0.419182,0.018868,0.077778
0.18846153846153846,0.048951,0.042767,0.057606,0.042767,0.047787,0.056401,0.052945,0.044303,-0.899504,-0.813502,0.002306,0.419182,0.018868,0.066667
0.2115384615384615,0.048951,0.042767,0.057606,0.042767,0.047787,0.056401,0.052945,0.044303,-0.899504,-0.813502,0.002306,0.419182,0.018868,0.066667
0.23461538461538461,0.048951,0.042767,0.057606,0.042767,0.047787,0.056401,0.052945,0.044303,-0.899504,-0.813502,0.002306,0.419182,0.018868,0.066667
0.25769230769230766,0.048951,0.042767,0.057606,0.042767,0.047787,0.056401,0.052945,0.044303,-0.899504,-0.813502,0.002306,0.419182,0.018868,0.066667
0.28076923076923077,0.048951,0.042767,0.057606,0.042767,0.047787,0.056401,0.052945,0.044303,-0.899504,-0.813502,0.002306,0.419182,0.018868,0.066667
0.3038461538461538,0.041958,0.037212,0.049674,0.037212,0.041208,0.048147,0.045605,0.038365,-0.91303,-0.820556,0.002306,0.419182,0.018868,0.055556
0.32692307692307687,0.041958,0.037212,0.049674,0.037212,0.041208,0.048147,0.045605,0.038365,-0.91303,-0.820556,0.002306,0.419182,0.018868,0.055556
0.35,0.041958,0.037212,0.049674,0.037212,0.041208,0.048147,0.045605,0.038365,-0.91303,-0.820556,0.002306,0.419182,0.018868,0.055556
0.37307692307692303,0.041958,0.037212,0.049674,0.037212,0.041208,0.048147,0.045605,0.038365,-0.91303,-0.820556,0.002306,0.419182,0.018868,0.055556
0.39615384615384613,0.041958,0.037212,0.049674,0.037212,0.041208,0.048147,0.045605,0.038365,-0.91303,-0.820556,0.002306,0.419182,0.018868,0.055556
0.4192307692307692,0.027972,0.026101,0.032955,0.026101,0.027782,0.0313,0.030366,0.026406,-0.94092,-0.834518,0.002306,0.419182,0.018868,0.033333
0.44230769230769224,0.020979,0.020545,0.024136,0.020545,0.020931,0.022703,0.022452,0.020383,-0.955312,-0.841428,0.002306,0.419182,0.018868,0.022222
0.46538461538461534,0.013986,0.01499,0.01499,0.01499,0.013986,0.013986,0.014331,0.014331,-0.970021,-0.84829,0.002306,0.419182,0.018868,0.011111
0.4884615384615384,0.013986,0.01499,0.01499,0.01499,0.013986,0.013986,0.014331,0.014331,-0.970021,-0.84829,0.002306,0.419182,0.018868,0.011111
0.5115384615384615,0.013986,0.01499,0.01499,0.01499,0.013986,0.013986,0.014331,0.014331,-0.970021,-0.84829,0.002306,0.419182,0.018868,0.011111
0.5346153846153846,0.013986,0.01499,0.01499,0.01499,0.013986,0.013986,0.014331,0.014331,-0.970021,-0.84829,0.002306,0.419182,0.018868,0.011111
0.5576923076923077,0.013986,0.01499,0.01499,0.01499,0.013986,0.013986,0.014331,0.014331,-0.970021,-0.84829,0.002306,0.419182,0.018868,0.011111
0.5807692307692308,0.013986,0.01499,0.01499,0.01499,0.013986,0.013986,0.014331,0.014331,-0.970021,-0.84829,0.002306,0.419182,0.018868,0.011111
0.6038461538461538,0.013986,0.01499,0.01499,0.01499,0.013986,0.013986,0.014331,0.014331,-0.970021,-0.84829,0.002306,0.419182,0.018868,0.011111
0.6269230769230769,0.006993,0.009434,0.005495,0.009434,0.006944,0.005148,0.005995,0.008251,-0.985064,-0.855107,0.002306,0.419182,0.018868,0.0
0.65,0.020979,0.028302,0.016129,0.028302,0.020548,0.015231,0.017647,0.02459,-0.955492,-0.816697,0.002306,0.419182,0.056604,0.0
0.673076923076923,0.020979,0.028302,0.016129,0.028302,0.020548,0.015231,0.017647,0.02459,-0.955492,-0.816697,0.002306,0.419182,0.056604,0.0
0.6961538461538461,0.020979,0.028302,0.016129,0.028302,0.020548,0.015231,0.017647,0.02459,-0.955492,-0.816697,0.002306,0.419182,0.056604,0.0
0.7192307692307692,0.020979,0.028302,0.016129,0.028302,0.020548,0.015231,0.017647,0.02459,-0.955492,-0.816697,0.002306,0.419182,0.056604,0.0
0.7423076923076923,0.020979,0.028302,0.016129,0.028302,0.020548,0.015231,0.017647,0.02459,-0.955492,-0.816697,0.002306,0.419182,0.056604,0.0
0.7653846153846153,0.020979,0.028302,0.016129,0.028302,0.020548,0.015231,0.017647,0.02459,-0.955492,-0.816697,0.002306,0.419182,0.056604,0.0
0.7884615384615384,0.027972,0.037736,0.021277,0.037736,0.027211,0.02017,0.02331,0.03268,-0.940844,-0.797685,0.002306,0.419182,0.075472,0.0
0.8115384615384615,0.034965,0.04717,0.026316,0.04717,0.033784,0.025043,0.028868,0.040717,-0.92628,-0.778799,0.002306,0.419182,0.09434,0.0
0.8346153846153845,0.048951,0.066038,0.036082,0.066038,0.046667,0.034592,0.039683,0.056634,-0.89738,-0.741404,0.002306,0.419182,0.132075,0.0
0.8576923076923076,0.048951,0.066038,0.036082,0.066038,0.046667,0.034592,0.039683,0.056634,-0.89738,-0.741404,0.002306,0.419182,0.132075,0.0
0.8807692307692307,0.048951,0.066038,0.036082,0.066038,0.046667,0.034592,0.039683,0.056634,-0.89738,-0.741404,0.002306,0.419182,0.132075,0.0
0.9038461538461539,0.048951,0.066038,0.036082,0.066038,0.046667,0.034592,0.039683,0.056634,-0.89738,-0.741404,0.002306,0.419182,0.132075,0.0
0.9269230769230768,0.055944,0.075472,0.040816,0.075472,0.05298,0.039272,0.044944,0.064516,-0.883032,-0.722892,0.002306,0.419182,0.150943,0.0
0.95,0.062937,0.084906,0.045455,0.084906,0.059211,0.04389,0.050111,0.072347,-0.868744,-0.704501,0.002306,0.419182,0.169811,0.0
